﻿Style Name,Collar,Cuff,Placket,Back,Pocket Left,Pocket Right,Bottom,Gusset,Yoke,Button,Additional Options
Button Down Shirt,Luxire Button Down Collar,One-Button Rounded Cuff,Standard Placket,No Pleat,Standard Pocket,No Pocket,Boat Curve Bottom,No Gusset,Split Yoke,White Mother of Pearl Buttons[$0],NA
Short Sleeve Business Shirt,Semi Spread Collar,Short Sleeve Cuff,Standard Placket,Side Pleats ,Standard Pocket,No Pocket,Boat Curve Bottom,No Gusset,Split Yoke,White Mother of Pearl Buttons[$0],NA
English Collar Business Shirt,English Spread Collar,One-Button Rounded Cuff,No Placket,No Pleat,No Pocket,No Pocket,Boat Curve Bottom,No Gusset,Split Yoke,White Mother of Pearl Buttons[$0],NA
Classic Vintage Shirt,Spear Point Collar,French Cuff,Pullover Placket,Shirred  ,No Pocket,No Pocket,Long Tail Shirt Bottom,Vintage Gusset,Split Yoke,White Mother of Pearl Buttons[$0],NA
Long Flower Casual shirt,Long Flower collar,One-Button Rounded Cuff,Pullover Placket,No Pleat,No Pocket,No Pocket,Boat Curve Bottom,No Gusset,Split Yoke,White Mother of Pearl Buttons[$0],NA
Luxire Hand Made Luxury Shirt ($100),Semi Spread Collar,One-Button Rounded Cuff,Standard Placket,No Pleat,No Pocket,No Pocket,Boat Curve Bottom,Patch Gusset,Split Yoke,White Mother of Pearl Buttons[$0],NA
Standard Office Shirt,Semi Spread Collar,One-Button Rounded Cuff,Standard Placket,Side Pleats ,Standard Pocket,No Pocket,Boat Curve Bottom,No Gusset,Split Yoke,White Mother of Pearl Buttons[$0],NA
Work Shirt,Semi Spread Collar,One-Button Rounded Cuff,Standard Placket,Shirred  ,Work shirt style Pocket,Work shirt style Pocket,Boat Curve Bottom,Patch Gusset,Split Yoke,Black Fish Eye Buttons[$0],Triple Stitch seams
Luxire Tuxedo Shirt($60),Semi Spread Collar,Single French Cuff,No Placket,Side Pleats ,No Pocket,No Pocket,Boat Curve Bottom,No Gusset,Split Yoke,White Mother of Pearl Buttons[$0],NA
Jacket & Tie Shirt,Italian Collar,One-Button Rounded Cuff,Standard Placket,No Pleat,Standard Pocket,No Pocket,Boat Curve Bottom,No Gusset,Split Yoke,White Mother of Pearl Buttons[$0],NA
Friday Polo Shirt,Luxire Button Down Collar,Short Sleeve Cuff,Pullover Placket,No Pleat,No Pocket,No Pocket,Straight with Side Slits Bottom,No Gusset,Moon Yoke,White Mother of Pearl Buttons[$0],NA
Rugby Shirt,Polo Collor,One-Button Rounded Cuff,Pullover Placket,No Pleat,No Pocket,No Pocket,Straight with Side Slits Bottom,No Gusset,Moon Yoke,White Mother of Pearl Buttons[$0],NA
Camp Shirt,Camp Lapel Collar,Short Sleeve Cuff,3 button pullover placket,No Pleat,Standard Pocket,No Pocket,Camp Bottom,No Gusset,Plain Yoke,White Mother of Pearl Buttons[$0],NA
Minimal Business Shirt,Italian Collar,One-Button Mitered Cuff,Edge Stitch Placket,No Pleat,No Pocket,No Pocket,Boat Curve Bottom,No Gusset,Split Yoke,White Mother of Pearl Buttons[$0],NA
Noragi,shawl collar ,No Cuff ,Kimono style Placket,No Pleat,No Pocket,No Pocket,Straight with Side Slits Bottom,No Gusset,Plain Yoke,No Buttons,NA
,,,,,,,,,,,
,,,,,,,,,,,
,,,,,,,,,,,
,,,,,,,,,,,
,,,,,,,,,,,